person_id,person_user_username,is_test?,personexperiment_type,person_gender,person_birthyr,person_education,person_wage,person_politics,person_state,person_country
9486,test_konrad,1,tb,0,1998,1,6,3,51,1
9502,test_konrad2,1,tb,0,1970,0,0,0,0,0
8792,test_radek,1,tb,0,1970,0,0,0,0,0
9503,test_michal,1,tb,0,1970,0,0,0,0,0
9504,test_michal2,1,tb,0,1970,0,0,0,0,0
8793,test_radek2,1,tb,0,1970,0,0,0,0,0
9509,test_radek3,1,tb,0,1970,0,0,0,0,0
9510,test_radek4,1,tb,0,1970,0,0,0,0,0
9521,test_kasiag,1,tb,0,1970,0,0,0,0,0
10042,gold_test,1,tb,0,1970,0,0,0,0,0
10043,gold_michal,1,tb,0,1970,0,0,0,0,0
9506,test_konrad10,1,tb,0,1970,0,0,0,0,0
10044,test_konrad11,1,tb,0,1970,0,0,0,0,0
10227,gold_radek,1,tb,0,1970,0,0,0,0,0
10332,test_konrad111,1,tb,0,1970,0,0,0,0,0
10333,gold2_radek2,1,tb,0,1970,0,0,0,0,0
10334,gold2_radek1,1,tb,0,1970,0,0,0,0,0
10341,test_konrad112,1,tb,0,1970,0,0,0,0,0
10342,test_konrad113,1,tb,0,1970,0,0,0,0,0
10343,test_konrad114,1,tb,0,1970,0,0,0,0,0
10344,test_konrad115,1,tb,0,1970,0,0,0,0,0
10345,test_konrad116,1,tb,0,1970,0,0,0,0,0
10346,test_konrad117,1,tb,0,1970,0,0,0,0,0
10347,test_konrad118,1,tb,0,1970,0,0,0,0,0
10348,test_konrad119,1,tb,0,1970,0,0,0,0,0
10349,test_konrad120,1,tb,0,1970,0,0,0,0,0
10350,test_konrad121,1,tb,0,1970,0,0,0,0,0
10351,test_konrad122,1,tb,0,1970,0,0,0,0,0
9507,test_konrad123,1,tb,0,1970,0,0,0,0,0
10352,test_konrad124,1,tb,0,1970,0,0,0,0,0
10353,test_konrad125,1,tb,0,1970,0,0,0,0,0
10354,test_konrad126,1,tb,0,1970,0,0,0,0,0
10355,test_konrad127,1,tb,0,1970,0,0,0,0,0
10356,test_konrad128,1,tb,0,1970,0,0,0,0,0
10357,test_konrad129,1,tb,0,1970,0,0,0,0,0
10358,test_michal123,1,tb,0,1970,0,0,0,0,0
10359,test_michal1234,1,tb,0,1970,0,0,0,0,0
10360,test_michal12345,1,tb,0,1970,0,0,0,0,0
10361,test_michal123456,1,tb,0,1970,0,0,0,0,0
10362,test_michal1234567,1,tb,0,1970,0,0,0,0,0
10363,test_michal12345678,1,tb,0,1970,0,0,0,0,0
10364,test_michal123456789,1,tb,0,1970,0,0,0,0,0
10365,test_michal1234567890,1,tb,0,1970,0,0,0,0,0
10366,test_michal12345678901,1,tb,0,1970,0,0,0,0,0
10367,test_michal123456789012,1,tb,0,1970,0,0,0,0,0
10368,test_michal1234567890123,1,tb,0,1970,0,0,0,0,0
10369,test_michal12345678901234,1,tb,0,1970,0,0,0,0,0
10370,test_michal123456789012345,1,tb,0,1970,0,0,0,0,0
10371,test_michal_mturk_final_test,1,tb,0,1970,0,0,0,0,0
10372,test_michal_mturk_final_test2,1,tb,0,1970,0,0,0,0,0
10212,AJXGV70V3PDOC,0,tb,1,1959,6,2,5,42,0
10162,A70AS0KVKADBY,0,tb,0,1986,5,1,5,33,0
10377,A1JWEYI5PWNR4R,0,tb,0,1970,0,0,0,0,0
10378,A39YBLQYIUBR76,0,tb,0,1970,0,0,0,0,0
10380,A248D5XVN1YGCZ,0,tb,0,1970,0,0,0,0,0
5150,A1QYORNO0GY308,0,tb,1,1978,6,3,5,51,102
10382,A4ON6TM65WXIV,0,tb,0,1970,0,0,0,0,0
10006,A1EONVNAZ6IGE4,0,tb,1,1975,5,2,8,17,0
7042,A518UG25MGFE9,0,tb,1,1990,5,6,2,10,0
10210,A2MPIWNB58IFBP,0,tb,0,1986,4,1,9,43,0
10383,A2UXOEFCUYEV8U,0,tb,0,1970,0,0,0,0,0
9931,ARFV302JOUOF,0,tb,1,1990,3,1,3,22,0
4867,AC5LU9TF9CTK9,0,tb,0,1946,2,2,6,8,0
10388,A01435663OC65K250L63L,0,tb,0,1970,0,0,0,0,0
9838,ABZCA1DW2YSM0,0,tb,1,1978,4,6,5,7,0
10389,A3PP0X1YABGXAF,0,tb,0,1970,0,0,0,0,0
10131,A2B4GWF7MF7AOB,0,tb,1,1989,6,6,10,5,0
10391,A3H35QRODK1C4K,0,tb,0,1970,0,0,0,0,0
10392,A7TI4X4LRGQA0,0,tb,0,1970,0,0,0,0,0
10394,A2IR8FHIWS0FCT,0,tb,0,1970,0,0,0,0,0
5124,A27IABVBUZ9X8Z,0,tb,0,1964,5,5,6,9,0
9612,A1IYFXLF8HPO0G,0,tb,0,1988,4,2,5,9,0
10395,A3AU7L204D8TZK,0,tb,0,1970,0,0,0,0,0
5679,A3S4MWKGWPJS6I,0,tb,1,1982,4,1,2,8,0
10396,ANJQRMXHJ8POM,0,tb,0,1970,0,0,0,0,0
8838,A1WP410YX2JBKI,0,tb,0,1970,0,0,0,0,0
10398,ABT7QTMIYXYO0,0,tb,0,1970,0,0,0,0,0
9618,A1BHMDRWW9ZYSO,0,tb,0,1970,0,0,0,0,0
10399,A1IPT5P54EL69E,0,tb,0,1970,0,0,0,0,0
9863,A2185GWX8KDBDR,0,tb,0,1957,6,1,3,43,0
9577,AG0X3PQK2FWQJ,0,tb,0,1990,6,6,3,5,0
10401,ANG6O6OTLTUBM,0,tb,0,1970,0,0,0,0,0
10406,test_konrad1111,1,tb,0,1970,0,0,0,0,0
10407,test_konrad133,1,tb,0,1970,0,0,0,0,0
9487,A8T9099WVUKST,0,tb,1,1990,1,6,6,1,0
9508,test_konrad321,1,tb,0,1970,0,0,0,0,0
7809,A3CZEM0107MTUQ,0,tb,0,1970,0,0,0,0,0
10415,AKA9XW7UANMPJ,0,tb,0,1970,0,0,0,0,0
10241,A1C017LQFTJP06,0,tb,1,1987,7,6,5,51,52
10418,A2YFPO0N4GIS25,0,tb,0,1970,0,0,0,0,0
10423,AKJ8CNFZH73K6,0,tb,0,1970,0,0,0,0,0
10393,A1RBXVI2UOK421,0,tb,0,1970,0,0,0,0,0
10424,AQR70X1KIOP6B,0,tb,0,1970,0,0,0,0,0
10426,A1WSU493L2IHEI,0,tb,0,1970,0,0,0,0,0
10427,A15OBQS0LO4EI1,0,tb,0,1970,0,0,0,0,0
9542,ANFWGSQ8BQRZ,0,tb,1,1975,7,2,2,21,0
9660,AYAZUYJY3N6BO,0,tb,0,1980,6,3,2,49,0
10428,A26T6O5EFR54A9,0,tb,0,1970,0,0,0,0,0
9886,AKLV0WIZZ356X,0,tb,0,1975,4,4,3,31,0
10429,A2OF53SX9BQ7RO,0,tb,0,1970,0,0,0,0,0
10430,A23W3XIXNNVH82,0,tb,0,1970,0,0,0,0,0
10432,A2VSS175DP9WM9,0,tb,0,1970,0,0,0,0,0
9541,A1N7BLXVZRSVGM,0,tb,1,1991,3,6,3,51,141
10433,ACQVIEH85AI0D,0,tb,0,1970,0,0,0,0,0
10434,A1ICZRR7BO5HLU,0,tb,0,1970,0,0,0,0,0
10435,A2U0P2JY8T4YNS,0,tb,0,1970,0,0,0,0,0
10436,A2JPR54634UJQT,0,tb,0,1970,0,0,0,0,0
10438,A3MZUMSFO3WCJT,0,tb,0,1970,0,0,0,0,0
10439,ARX0S1CIDJLOX,0,tb,0,1970,0,0,0,0,0
10440,A1JTEOWEU90IAE,0,tb,0,1970,0,0,0,0,0
9517,A3LXS3Y6NNTGG3,0,tb,1,1970,7,2,5,51,60
10441,A10HFGQLEOD3VQ,0,tb,0,1970,0,0,0,0,0
10443,A3H6C8N09ZMJEO,0,tb,0,1970,0,0,0,0,0
10444,A42P52VP1GLVY,0,tb,0,1970,0,0,0,0,0
10446,A1G187YBG0DVMQ,0,tb,0,1970,0,0,0,0,0
10448,A201M82ZQU8DME,0,tb,0,1970,0,0,0,0,0
10449,A3D0E8DWQXM7E0,0,tb,0,1970,0,0,0,0,0
10451,ANK8K5WTHJ61C,0,tb,0,1970,0,0,0,0,0
10452,A2IT4KXX0ZKX5Y,0,tb,0,1970,0,0,0,0,0
4114,A118DWOXWSI8VC,0,tb,1,1990,5,2,1,13,0
10038,A24DYXCGZQUZUQ,0,tb,1,1984,4,1,6,36,0
10455,A222EM5TN3FES0,0,tb,0,1970,0,0,0,0,0
9795,A360YJKAGLHHQG,0,tb,0,1976,3,5,5,17,0
10456,A29ZG3G7GR7UQ5,0,tb,0,1970,0,0,0,0,0
4898,A1NGXQMOBCXDC3,0,tb,0,1970,0,0,0,0,0
10460,A18RDBJFY3QWZL,0,tb,0,1970,0,0,0,0,0
9707,A1C8PB8YOYWU5D,0,tb,0,1990,6,4,6,43,0
10461,A3JQ6UU1DQCDKL,0,tb,0,1970,0,0,0,0,0
10462,A1R0689JPSQ3OF,0,tb,0,1970,0,0,0,0,0
10463,A33XI8ZN4NZ0SQ,0,tb,0,1970,0,0,0,0,0
10466,A2R4LTR8P34P41,0,tb,0,1970,0,0,0,0,0
10134,A2JAECGYB2Y7MC,0,tb,0,1970,0,0,0,0,0
5195,A7RAVFS10BUZ1,0,tb,1,1960,4,1,6,9,0
9152,A3B58QWMTBXVE0,0,tb,0,1983,4,6,1,5,0
10467,AAGTU2LLARBO,0,tb,0,1970,0,0,0,0,0
10469,ATVFNT6E4KPQY,0,tb,0,1970,0,0,0,0,0
10472,A25N7AEL9V6LSH,0,tb,0,1970,0,0,0,0,0
10473,A1C1LO2UX3NSNT,0,tb,0,1970,0,0,0,0,0
10474,A2EFQ6X471QJ5P,0,tb,0,1970,0,0,0,0,0
10475,A17QFC2YE9H1KV,0,tb,0,1970,0,0,0,0,0
10072,A20ALQT1HIVSAH,0,tb,0,1977,5,1,6,49,0
7901,AQ36OBO2GRA00,0,tb,0,1977,6,3,2,13,0
10476,A2T5CROJ0FWIJY,0,tb,0,1970,0,0,0,0,0
10477,A3L8HKF9XSRZ9W,0,tb,0,1970,0,0,0,0,0
10478,A27Y441WSBIXM6,0,tb,0,1970,0,0,0,0,0
9133,ALLP45O3BDWYM,0,tb,0,1970,0,0,0,0,0
9179,A2WUQI0SCQCIO1,0,tb,0,1992,4,1,3,43,0
10480,A2NEIYO5SBOUDS,0,tb,0,1970,0,0,0,0,0
10481,A1GR1MMSWT6I4D,0,tb,0,1970,0,0,0,0,0
9588,A3FA1KFSHFVKPM,0,tb,0,1973,7,3,6,40,0
10484,AM8WJHSXTEP3T,0,tb,0,1970,0,0,0,0,0
9654,AHFTG8IGIMZG1,0,tb,0,1982,3,3,8,38,0
6491,ARYGQ46IMW8AU,0,tb,1,1984,6,6,3,40,0
10485,A33RTACPBWATZ,0,tb,0,1970,0,0,0,0,0
10022,A1UWJTUVGAAF6D,0,tb,1,1977,7,6,5,13,0
10488,AIW85EF59VCQO,0,tb,0,1970,0,0,0,0,0
10489,A1EPR9V3VID3RI,0,tb,0,1970,0,0,0,0,0
10490,AZE084MMZVEYT,0,tb,0,1970,0,0,0,0,0
10491,A2SNURWB6B2NXH,0,tb,0,1970,0,0,0,0,0
10492,A3938KLA9ORH2U,0,tb,0,1970,0,0,0,0,0
10493,A3RHGIM99R25Q9,0,tb,0,1970,0,0,0,0,0
10494,AJJILCZOLP7CE,0,tb,0,1970,0,0,0,0,0
10495,A3MCS8WQWZ34RN,0,tb,0,1970,0,0,0,0,0
4490,A3454T4PU9GJM0,0,tb,1,1974,6,4,2,35,0
9804,A35E8LAQ1R6I9X,0,tb,0,1975,6,3,5,23,0
9688,A2OLVF6P86QSQJ,0,tb,0,1970,0,0,0,0,0
10499,A2RYRS301XIZZD,0,tb,0,1970,0,0,0,0,0
10500,A1KQGF9L042R9I,0,tb,0,1970,0,0,0,0,0
9296,A2QLSHXNCHBRN4,0,tb,0,1970,0,0,0,0,0
9805,A14GZ7D1B3JSAW,0,tb,0,1981,4,2,1,47,0
10504,A1FKZ2HY4XKMG1,0,tb,0,1970,0,0,0,0,0
10505,AO0CQ0WT4FT7T,0,tb,0,1970,0,0,0,0,0
10507,A2ZUCKYJE4DPV7,0,tb,0,1970,0,0,0,0,0
10509,A2U6P41BSNOCA0,0,tb,0,1970,0,0,0,0,0
10510,A1EB857G7CK9K9,0,tb,0,1970,0,0,0,0,0
10511,A25TBZHR0QV3LM,0,tb,0,1970,0,0,0,0,0
10512,A3B0ER3HPUROBS,0,tb,0,1970,0,0,0,0,0
10513,A30FG0JPX3YINM,0,tb,0,1970,0,0,0,0,0
10514,A4RMK9LD7UJP6,0,tb,0,1970,0,0,0,0,0
10516,A3KYZSB15KP0MY,0,tb,0,1970,0,0,0,0,0
9533,A27PVIL93ZMY46,0,tb,0,1979,3,6,5,33,0
10517,A1WKENA5660Y84,0,tb,0,1970,0,0,0,0,0
10519,A1DZMDFI9U604W,0,tb,0,1970,0,0,0,0,0
10520,A23YJXEE2AXR3Y,0,tb,0,1970,0,0,0,0,0
10522,A384DW1A7HI9Z7,0,tb,0,1970,0,0,0,0,0
10335,A22MGJB7L33ISJ,0,tb,1,1974,6,3,5,9,0
10524,A6A5CPOIDH9LJ,0,tb,0,1970,0,0,0,0,0
10525,A1400XQ1S4MX97,0,tb,0,1970,0,0,0,0,0
4312,A32UG2P47Y7M1A,0,tb,1,1986,4,1,1,5,0
10526,A152SAO8J1ZL7T,0,tb,0,1970,0,0,0,0,0
9905,A2WJGI7XNUBRND,0,tb,1,1965,4,1,2,21,0
10527,A2ZMOTSNOW067A,0,tb,0,1970,0,0,0,0,0
10528,A35IMPTI2U7XGC,0,tb,0,1970,0,0,0,0,0
10531,A2B8AE07W13OX7,0,tb,0,1970,0,0,0,0,0
9622,A3BL2ZEODD79AZ,0,tb,0,1974,6,3,2,14,0
10532,A3KWGAFSGXQRF,0,tb,0,1970,0,0,0,0,0
10535,A3BBPCRHAJ61PP,0,tb,0,1970,0,0,0,0,0
10539,ACRITYY76ESJM,0,tb,0,1970,0,0,0,0,0
9012,AD317NO9623GZ,0,tb,0,1970,0,0,0,0,0
10540,AY9YUSUP85GG3,0,tb,0,1970,0,0,0,0,0
10086,A1ETJBNTO9ZWZ8,0,tb,0,1970,0,0,0,0,0
9896,A1102MP1CZI32V,0,tb,1,1990,6,1,2,37,0
10542,A1X0WT0A91ZCIH,0,tb,0,1970,0,0,0,0,0
10543,A3C6BPE5UJ9EHR,0,tb,0,1970,0,0,0,0,0
9536,A24UO1UN0P7O0M,0,tb,1,1954,4,2,1,5,0
4596,A3OZ8KF0HWSVWK,0,tb,1,1965,4,1,3,38,184
9861,A1GKTC682SWY23,0,tb,0,1970,0,0,0,0,0
9373,A36SM7QM8OK3H6,0,tb,0,1970,0,0,0,0,0
9597,A3QGX0G6ZZX1E8,0,tb,1,1978,5,2,5,38,0
10544,A3AJOG8FAY1D73,0,tb,0,1970,0,0,0,0,0
10546,A18H47W5TR78VJ,0,tb,0,1970,0,0,0,0,0
10547,A1D2BJV73BYPAH,0,tb,0,1970,0,0,0,0,0
10548,A3B36DO3U2YTZI,0,tb,0,1970,0,0,0,0,0
9693,A142ZRU284W9O,0,tb,1,1981,6,1,2,35,0
10550,A2QQKVIN9R45N6,0,tb,0,1970,0,0,0,0,0
10551,A23O7BIKKPOZ2L,0,tb,0,1970,0,0,0,0,0
10552,A36MTY8RSWBZU7,0,tb,0,1970,0,0,0,0,0
7311,A1KF05U5IO9AFG,0,tb,0,1994,3,6,4,32,0
10555,AO6P1QBPSIV43,0,tb,0,1970,0,0,0,0,0
9293,AXVL79LAL2OPX,0,tb,1,1970,4,1,5,5,0
10556,A1OJZPYZ25QEPV,0,tb,0,1970,0,0,0,0,0
10557,ARE0T5VUG1IXQ,0,tb,0,1970,0,0,0,0,0
10558,ABOVBPOB8P7L4,0,tb,0,1970,0,0,0,0,0
10560,A1GQ9XY93JDDIV,0,tb,0,1970,0,0,0,0,0
10561,AIEPNTBM9BNSE,0,tb,0,1970,0,0,0,0,0
9352,AIH06SF8MK6XF,0,tb,1,1968,7,3,8,38,0
10562,A26107JGUUDQ3N,0,tb,0,1970,0,0,0,0,0
10506,A37A9AGVMHRN2T,0,tb,0,1970,0,0,0,0,0
10565,A2K4I92ILMKK5V,0,tb,0,1970,0,0,0,0,0
8849,A3NI7KS3MIX1SO,0,tb,0,1987,4,1,2,31,0
9718,A39HTG992TS6VH,0,tb,1,1982,5,2,3,35,0
10567,A2FLV1VS579U9G,0,tb,0,1970,0,0,0,0,0
10568,A19JEETR399AW4,0,tb,0,1970,0,0,0,0,0
9229,AGVAY3FTPAVLQ,0,tb,0,1970,0,0,0,0,0
9402,AWJ38GG5NNO1M,0,tb,0,1970,0,0,0,0,0
10442,A1NJ1IJLKAS0Y4,0,tb,0,1970,0,0,0,0,0
9942,A166A2M31CW2C7,0,tb,1,1988,3,2,4,42,0
10573,ADTQEPQAFK762,0,tb,0,1970,0,0,0,0,0
9872,A177EXELDLWTWV,0,tb,0,1970,0,0,0,0,0
9601,A1DQGASPACYYJX,0,tb,0,1983,4,1,6,10,0
9023,ARG47LD1T4XXY,0,tb,1,1986,6,1,1,36,0
9575,AEVU71Z2FDTUX,0,tb,1,1987,4,1,1,13,0
9824,A2Q009DS6B04P5,0,tb,0,1983,5,3,7,46,0
10595,A2KCG73A6QCNCW,0,tb,0,1970,0,0,0,0,0
9153,A3QJ0OWM954E76,0,tb,0,1970,0,0,0,0,0
8898,AQ4WRGANHWRFR,0,tb,1,1993,4,6,5,22,0
9303,A1SSBN3C7NEPEO,0,tb,1,1986,2,6,5,10,0
10602,A2R2L2GA314OEI,0,tb,0,1970,0,0,0,0,0
10603,A1XDKVPUKAHAHN,0,tb,0,1970,0,0,0,0,0
10081,AGTV2SNFKXB11,0,tb,0,1970,0,0,0,0,0
10108,A7TUG10LNB586,0,tb,1,1975,6,2,2,9,0
10128,A3NF9B2NLCLZWT,0,tb,0,1954,3,1,1,47,0
10612,AOKQZBHA40IBW,0,tb,0,1970,0,0,0,0,0
10614,A16HSMUJ7C7QA7,0,tb,0,1970,0,0,0,0,0
10616,A16ACBUG1AF169,0,tb,0,1970,0,0,0,0,0
10618,A2UHEMRALXKUCF,0,tb,0,1970,0,0,0,0,0
10620,A3KFQUNPMIYVVT,0,tb,0,1970,0,0,0,0,0
10621,A1FYWSPNO7KN1O,0,tb,0,1970,0,0,0,0,0
10622,A2WP3WEYA1SQCA,0,tb,0,1970,0,0,0,0,0
10624,A34L4SATGT1O68,0,tb,0,1970,0,0,0,0,0
9127,A37G9LCQCQPOQO,0,tb,0,1990,6,2,3,47,0
10629,A2LCFORIW0NF1S,0,tb,0,1970,0,0,0,0,0
9712,A31RMITN4K8YU7,0,tb,1,1984,5,1,6,21,0
9971,A1ZRK6K5JUPJAV,0,tb,0,1970,0,0,0,0,0
10639,A2SJC9VRBGNC58,0,tb,0,1970,0,0,0,0,0
8763,AROEBUDI2L9G9,0,tb,0,1981,6,2,4,39,0
10644,A2MCV9Q2R1QTM6,0,tb,0,1970,0,0,0,0,0
10646,A24JYYP9QRGUDQ,0,tb,0,1970,0,0,0,0,0
7482,A2EPI9A2N9OP3J,0,tb,0,1984,4,2,6,22,0
9370,A1QCQE5XW37LN1,0,tb,1,1990,6,1,4,5,0
9413,A3HPLIWSXW3XV8,0,tb,0,1970,0,0,0,0,0
10650,A29R8U75D3DAYW,0,tb,0,1970,0,0,0,0,0
10651,A27MN9P4NSJ23S,0,tb,0,1970,0,0,0,0,0
9568,A38DAV8NCBY1J6,0,tb,0,1986,4,1,10,46,0
10652,ANZKTE853UXSD,0,tb,0,1970,0,0,0,0,0
9037,A3T68OBEBCKJF7,0,tb,0,1970,0,0,0,0,0
10653,A3OZT6ZK593GIO,0,tb,0,1970,0,0,0,0,0
7000,A1MYLC3OAJ2H0R,0,tb,1,1964,4,3,2,37,0
10655,A2YL64PU2DBHTB,0,tb,0,1970,0,0,0,0,0
10011,A2ST9REDTH8UAN,0,tb,0,1987,6,3,2,5,0
10656,A195G8EOPWUA47,0,tb,0,1970,0,0,0,0,0
10658,AL1Q4DACT78LM,0,tb,0,1970,0,0,0,0,0
5893,A1DY4DM16TBFPL,0,tb,1,1992,6,2,1,32,0
10663,A3KPVU5XH7W1RP,0,tb,0,1970,0,0,0,0,0
9765,AA8NOYG0AXRJO,0,tb,0,1983,6,4,9,28,0
10670,AR20RBERHIPN8,0,tb,0,1970,0,0,0,0,0
10674,A3FJ79JZ9MO6GB,0,tb,0,1970,0,0,0,0,0
10170,A2A53C2WMV8L9R,0,tb,0,1970,4,4,5,30,0
9645,A1Z048705962W6,0,tb,0,1989,6,5,6,43,0
10679,A3CHY5M4E30YU7,0,tb,0,1970,0,0,0,0,0
10408,A1Z7QTDFX7ZM2O,0,tb,0,1970,0,0,0,0,0
10684,AEZL2AE6EU4FG,0,tb,0,1970,0,0,0,0,0
9210,A1TTA3N401CZTS,0,tb,1,1984,4,1,7,51,183
10409,A3LD1G3R5NOVYH,0,tb,0,1970,0,0,0,0,0
10686,A36MRQBG3LDR7I,0,tb,0,1970,0,0,0,0,0
10687,A8MF3Y278EWK2,0,tb,0,1970,0,0,0,0,0
10688,A2Z7J9T6O7AICJ,0,tb,0,1970,0,0,0,0,0
10689,A1XVYOL52UT8T9,0,tb,0,1970,0,0,0,0,0
10691,A2HTLFV10WMWSO,0,tb,0,1970,0,0,0,0,0
10692,A3JNQZZ7S96N7Q,0,tb,0,1970,0,0,0,0,0
10693,AXNQ2EGR4S6LY,0,tb,0,1970,0,0,0,0,0
10694,A1PE0077HI218F,0,tb,0,1970,0,0,0,0,0
10696,A329OCEYX403XH,0,tb,0,1970,0,0,0,0,0
10698,A1CFPEV7W2ZDC2,0,tb,0,1970,0,0,0,0,0
10699,A1UEI01VN6PP0N,0,tb,0,1970,0,0,0,0,0
10701,A2O3X93U8KRZQ4,0,tb,0,1970,0,0,0,0,0
10704,A35DUEG88GCX5J,0,tb,0,1970,0,0,0,0,0
9582,A17UXYM7D324MI,0,tb,1,1985,6,2,5,5,0
10508,A1CVM8I2566ILI,0,tb,0,1970,0,0,0,0,0
10582,AQPRWT7V2KDZD,0,tb,0,1970,0,0,0,0,0
10453,A1BIJGB7XA0GME,0,tb,0,1970,0,0,0,0,0
10577,A2OE9Y9BO25AP1,0,tb,0,1970,0,0,0,0,0
10710,A31FL51X3U0ICH,0,tb,0,1970,0,0,0,0,0
10712,A3862RIFFUV141,0,tb,0,1970,0,0,0,0,0
10713,A1UIHJ2NM57VNS,0,tb,0,1970,0,0,0,0,0
10140,A2UP0PQTMAHKQK,0,tb,0,1984,4,2,5,38,0
10714,A10FR9ULKYMYAC,0,tb,0,1970,0,0,0,0,0
10018,ACXKO7WRVOXWQ,0,tb,0,1966,6,3,2,7,0
10715,A2MK1S9A4N7ZB3,0,tb,0,1970,0,0,0,0,0
10716,A230CD47RSW0DR,0,tb,0,1970,0,0,0,0,0
10681,AFEA3H3YYNNFJ,0,tb,0,1970,0,0,0,0,0
10718,AX0ZXZZGMU43G,0,tb,0,1970,0,0,0,0,0
10720,A2OXN3AJOY7BB2,0,tb,0,1970,0,0,0,0,0
10590,A3UIDRGBV9NJWR,0,tb,0,1970,0,0,0,0,0
10723,A2IU1B0EVVB3CF,0,tb,0,1970,0,0,0,0,0
10725,AMUIZWSQH3G4,0,tb,0,1970,0,0,0,0,0
10726,ADELW3TS04YY7,0,tb,0,1970,0,0,0,0,0
10729,A3GM78FCDY293T,0,tb,0,1970,0,0,0,0,0
7922,A1OKNQ2JEXW34Q,0,tb,1,1986,6,6,4,5,0
10066,ADQ7ZBGC7693K,0,tb,1,1983,4,2,5,33,0
10730,A13W8W81TPORYZ,0,tb,0,1970,0,0,0,0,0
10732,A308WAUBK9YA7R,0,tb,0,1970,0,0,0,0,0
10733,A2LS0IJ90DA0UY,0,tb,0,1970,0,0,0,0,0
9890,A144CG4DJ1O4P3,0,tb,1,1989,5,2,2,9,0
10742,AO059DU5W1TKN,0,tb,0,1970,0,0,0,0,0
10743,A38ZVPAKGOWUFJ,0,tb,0,1970,0,0,0,0,0
10744,A13TJ0P4X8HJ6Q,0,tb,0,1970,0,0,0,0,0
4748,A2NG6XFFMS8J10,0,tb,1,1982,6,2,4,19,0
10062,A25A2DC5JAEIGX,0,tb,1,1985,7,3,3,51,31
10057,A27Z95LLMJ3UOM,0,tb,1,1975,6,3,8,35,0
10479,A10DM8LZLXL464,0,tb,0,1970,0,0,0,0,0
10747,A1OP238L5ZBHZV,0,tb,0,1970,0,0,0,0,0
10750,A105V8K45AROX6,0,tb,0,1970,0,0,0,0,0
10752,A221FSWO28B4YF,0,tb,0,1970,0,0,0,0,0
10755,A1YR5MF6VI8FCX,0,tb,0,1970,0,0,0,0,0
10095,ACGHHDT7RY1AH,0,tb,0,1970,0,0,0,0,0
9659,A1QUNP6IYOQMZ5,0,tb,0,1965,3,1,3,17,0
10233,A2KPTJMOIYHG69,0,tb,1,1967,4,1,10,46,0
10763,A1PGHAOKNZ8FJ4,0,tb,0,1970,0,0,0,0,0
10765,A2JI5RNPPXE8QE,0,tb,0,1970,0,0,0,0,0
9969,AZ4NM6ZXTGT0,0,tb,0,1983,2,3,2,10,0
10458,AOPP2V6ALNOE0,0,tb,0,1970,0,0,0,0,0
10767,AQLBC0Y74VECT,0,tb,0,1970,0,0,0,0,0
9841,A2IA303OT5BBX0,0,tb,0,1966,6,3,8,1,0
10775,A2RH1SONZT9F5F,0,tb,0,1970,0,0,0,0,0
9832,A3UC45GKCAZ7ZU,0,tb,0,1981,4,3,5,43,0
8895,A1Y3PGC0UILVJJ,0,tb,0,1970,0,0,0,0,0
10777,AP0EC145BC2LI,0,tb,0,1970,0,0,0,0,0
10184,A4J4GGMKJ68L0,0,tb,1,1991,6,4,6,46,0
10783,A84G4G20BQ8O,0,tb,0,1970,0,0,0,0,0
10784,A39RF1I4KALHKM,0,tb,0,1970,0,0,0,0,0
9578,A27QCN3GYCZTPE,0,tb,1,1992,4,6,6,42,0
10786,A338LX9WRIQO0O,0,tb,0,1970,0,0,0,0,0
10790,A1ZLFJV2XH5PYM,0,tb,0,1970,0,0,0,0,0
10791,A1PJLZSOUQ4MIL,0,tb,0,1970,0,0,0,0,0
10792,A22CW0JTO0OY89,0,tb,0,1970,0,0,0,0,0
9733,A17KIXJGFCB7ZQ,0,tb,0,1989,4,6,3,21,0
10796,A22HW0I7PBA28U,0,tb,0,1970,0,0,0,0,0
10572,A2YJQUHFIXNOY0,0,tb,0,1970,0,0,0,0,0
10797,A3TMM9FDZVBD6H,0,tb,0,1970,0,0,0,0,0
10799,A1MHBJCC4UVOGX,0,tb,0,1970,0,0,0,0,0
10802,A1QBANCP9TC8OD,0,tb,0,1970,0,0,0,0,0
10803,AZXQ90YT9YELA,0,tb,0,1970,0,0,0,0,0
10805,ABCOMNTZ8FUHQ,0,tb,0,1970,0,0,0,0,0
10806,A7K3GBARZ68LS,0,tb,0,1970,0,0,0,0,0
10810,A1WEJGJZ75GJWF,0,tb,0,1970,0,0,0,0,0
10813,A1XABAK2UN2GG9,0,tb,0,1970,0,0,0,0,0
10818,AE5LQ7ZQ1RK9A,0,tb,0,1970,0,0,0,0,0
10667,A2H4W8CQ5IV8BG,0,tb,0,1970,0,0,0,0,0
10822,A1Q8DZMRPEIOKH,0,tb,0,1970,0,0,0,0,0
10825,A179FA3NA9FQ47,0,tb,0,1970,0,0,0,0,0
10826,A13WVTRA7UR1FU,0,tb,0,1970,0,0,0,0,0
10829,A2ZBDSR2LZNVAE,0,tb,0,1970,0,0,0,0,0
10105,A2TVG2HLMKVMSL,0,tb,1,1981,4,2,2,43,0
10571,A2GT5ZE485F7AO,0,tb,0,1970,0,0,0,0,0
10832,AB0BRFB5A8EQ9,0,tb,0,1970,0,0,0,0,0
5800,A195MOXRMNHRVT,0,tb,0,1984,6,2,3,46,0
10837,A1WCU71MNL8KT,0,tb,0,1970,0,0,0,0,0
10839,A8J6PJQVT5QRG,0,tb,0,1970,0,0,0,0,0
10840,A3DDENUJ8YZKAL,0,tb,0,1970,0,0,0,0,0
10842,A1FY9O940O9KU6,0,tb,0,1970,0,0,0,0,0
4470,A1A9SUYOFNNR3Y,0,tb,1,1984,6,3,1,35,0
10843,A2QT68NJYAJV9P,0,tb,0,1970,0,0,0,0,0
10847,A15FXHC1CVNW31,0,tb,0,1970,0,0,0,0,0
5196,A37WXDYYT7RCZ0,0,tb,1,1981,7,6,2,49,0
10849,AOSPJI2CRXHLL,0,tb,0,1970,0,0,0,0,0
10850,A3MAIOEQNGWJCT,0,tb,0,1970,0,0,0,0,0
10851,A3AY0315YWWNXY,0,tb,0,1970,0,0,0,0,0
10852,A2YTO4EY3MNYAJ,0,tb,0,1970,0,0,0,0,0
10853,A33L61XKPX76DB,0,tb,0,1970,0,0,0,0,0
10630,A2PWBFKI79IFXZ,0,tb,0,1970,0,0,0,0,0
10856,A3CXZCKT34LV8,0,tb,0,1970,0,0,0,0,0
10857,A1FLBAE4T5W6YE,0,tb,0,1970,0,0,0,0,0
10858,A1I9U0HRRM0E6C,0,tb,0,1970,0,0,0,0,0
10859,A9F041T771FZ2,0,tb,0,1970,0,0,0,0,0
10860,A3DW9225IX9OOJ,0,tb,0,1970,0,0,0,0,0
10866,APZEIAO75NCHM,0,tb,0,1970,0,0,0,0,0
10875,ARZF3R9THDNNG,0,tb,0,1970,0,0,0,0,0
10880,A10SUPT94QJPN7,0,tb,0,1970,0,0,0,0,0
10884,AZFMP1J0ZLX7J,0,tb,0,1970,0,0,0,0,0
10885,A32QRY3NAE9PUD,0,tb,0,1970,0,0,0,0,0
10886,AMP2WB8AQC85C,0,tb,0,1970,0,0,0,0,0
10887,A10V3PXHLR4VRM,0,tb,0,1970,0,0,0,0,0
10889,A3DERWKA94Z5WY,0,tb,0,1970,0,0,0,0,0
9784,A3PIAHR6PGXZNT,0,tb,0,1970,0,0,0,0,0
10890,A2RYN1S6OSO9KX,0,tb,0,1970,0,0,0,0,0
10202,A2818PZQEQ99KB,0,tb,0,1989,6,2,2,32,0
10891,A2RF28H50WY45Y,0,tb,0,1970,0,0,0,0,0
10454,A3ELESR7USZ9YV,0,tb,0,1970,0,0,0,0,0
9600,A4TAQBKTB06BG,0,tb,1,1983,4,6,2,42,0
10893,AZID518KVX3DG,0,tb,0,1970,0,0,0,0,0
10387,A2BA9Y6VGW6WS1,0,tb,0,1970,0,0,0,0,0
10895,AHR9ET3NN2N2V,0,tb,0,1970,0,0,0,0,0
10217,AW6DOBYV5GVN6,0,tb,0,1970,0,0,0,0,0
10896,AFO62G37P0JBF,0,tb,0,1970,0,0,0,0,0
10897,A3NSCXWDFVIMXK,0,tb,0,1970,0,0,0,0,0
10898,A3H4SDDEEBFQ8G,0,tb,0,1970,0,0,0,0,0
10900,AYSG3J2U3UF1Y,0,tb,0,1970,0,0,0,0,0
9639,A2YPWT2UKHWRN0,0,tb,1,1985,6,3,6,1,0
9621,A1BAEFJ2OG7NJ0,0,tb,0,1960,4,2,3,10,0
10903,A14KDXENR3YF9,0,tb,0,1970,0,0,0,0,0
9619,A1NM7ZPZ3NH412,0,tb,0,1988,6,2,2,49,0
10907,A3VJY2IKOZ17GJ,0,tb,0,1970,0,0,0,0,0
9406,AZFMTIDXO292D,0,tb,0,1979,4,2,6,22,0
10913,A32IJR2T32AU13,0,tb,0,1970,0,0,0,0,0
10323,AKZ8SFOAI4RZN,0,tb,1,1987,6,2,1,9,0
10915,A2GJF0K6U10HH8,0,tb,0,1970,0,0,0,0,0
10932,A2MKELSB3G1ABU,0,tb,0,1970,0,0,0,0,0
9544,AV2L8MRY80Q3F,0,tb,1,1995,4,6,6,13,0
10936,A7HJ206MCGJ18,0,tb,0,1970,0,0,0,0,0
10942,A1CU2OSP04X44P,0,tb,0,1970,0,0,0,0,0
10943,A1VIEFZYI54JHP,0,tb,0,1970,0,0,0,0,0
10947,A1MJN4O2DP9KM7,0,tb,0,1970,0,0,0,0,0
10948,A6VA8EQT6KG7U,0,tb,0,1970,0,0,0,0,0
10949,A2BTCG5Q0U2KFL,0,tb,0,1970,0,0,0,0,0
9556,A3L99RGPK6FZGH,0,tb,1,1975,6,1,7,5,0
10954,AJBGPFYZ87SOX,0,tb,0,1970,0,0,0,0,0
10955,A2DOOLFCILK7SJ,0,tb,0,1970,0,0,0,0,0
9881,A3BFMY5OX2WMUW,0,tb,1,1992,3,6,5,22,0
10967,A6YPMKB076U0V,0,tb,0,1970,0,0,0,0,0
10973,A3HE8VNBXD2BR0,0,tb,0,1970,0,0,0,0,0
10974,A34U65Z22XD87Q,0,tb,0,1970,0,0,0,0,0
10780,AMSUHCUTF1AAC,0,tb,0,1970,0,0,0,0,0
10975,A2JHGR7ECK7UQ1,0,tb,0,1970,0,0,0,0,0
10976,A3TU42VWBSVZVB,0,tb,0,1970,0,0,0,0,0
10977,A21TSX50RQ549B,0,tb,0,1970,0,0,0,0,0
10978,A2OMC4N2SYD96E,0,tb,0,1970,0,0,0,0,0
10979,A138BU1VWM2RKN,0,tb,0,1970,0,0,0,0,0
10980,A8Q25H2R4JT2V,0,tb,0,1970,0,0,0,0,0
10981,A1PMFRZJE9EPPF,0,tb,0,1970,0,0,0,0,0
8003,A14HW8I4RYHNC4,0,tb,1,1963,6,1,7,5,0
10983,A34YGU467LYTQ9,0,tb,0,1970,0,0,0,0,0
10989,A1FTHENUXPCPGL,0,tb,0,1970,0,0,0,0,0
9984,A2GT52F9LPFE4W,0,tb,0,1970,0,0,0,0,0
10991,A173SV011YSMXX,0,tb,0,1970,0,0,0,0,0
10992,A1RXG8RE0SJ4LC,0,tb,0,1970,0,0,0,0,0
10993,AY7WPVKHVNBLG,0,tb,0,1970,0,0,0,0,0
10994,A2TD8QPFEOYC7A,0,tb,0,1970,0,0,0,0,0
10995,A23JXRIKFX8PDN,0,tb,0,1970,0,0,0,0,0
10996,A2P17QY4CFM07X,0,tb,0,1970,0,0,0,0,0
10998,A4ZL2MHQE40HH,0,tb,0,1970,0,0,0,0,0
10678,A1Q0BR58T72PZ3,0,tb,0,1970,0,0,0,0,0
10999,AN25IBDC0DUO7,0,tb,0,1970,0,0,0,0,0
9180,A1O5AK4XED79SN,0,tb,0,1970,0,0,0,0,0
8191,A3G55RJTW3BSGM,0,tb,0,1977,6,1,2,3,0
11004,A2YYBQG81LSFNA,0,tb,0,1970,0,0,0,0,0
11008,A2M38W0XL1DDY1,0,tb,0,1970,0,0,0,0,0
9967,A2UF2FRGVW4T89,0,tb,1,1973,6,1,1,25,0
5058,A3SMTP08PPXDWA,0,tb,1,1986,6,2,5,1,0
11010,A11W96DM6P07W1,0,tb,0,1970,0,0,0,0,0
11011,A1FOH7GDNAFLR5,0,tb,0,1970,0,0,0,0,0
11012,A1VJ2YO0HTHNJK,0,tb,0,1970,0,0,0,0,0
11013,A2KHAF57MG6F5U,0,tb,0,1970,0,0,0,0,0
10425,AQORJW4W8U9YU,0,tb,0,1970,0,0,0,0,0
9046,A1AQI9O8MNVL91,0,tb,0,1970,0,0,0,0,0
10080,A3J2UG22S8BIW4,0,tb,0,1970,0,0,0,0,0
10869,A1XOXGWBAN6HEJ,0,tb,0,1970,0,0,0,0,0
10814,A3R25SV8HUGML2,0,tb,0,1970,0,0,0,0,0
11143,A2O4M3CJS7563O,0,tb,0,1970,0,0,0,0,0
11144,A19PATBI3SQNU0,0,tb,0,1970,0,0,0,0,0
11001,A1X6MQWH50E1NV,0,tb,0,1970,0,0,0,0,0
11152,ABFJSOC07JFH2,0,tb,0,1970,0,0,0,0,0
11153,A2R40R4O6G0YBY,0,tb,0,1970,0,0,0,0,0
11154,A1TKSZWIJZYWRU,0,tb,0,1970,0,0,0,0,0
10641,A3CNLP08ZRI37I,0,tb,0,1970,0,0,0,0,0
11155,AI45NDJPUIOEJ,0,tb,0,1970,0,0,0,0,0
11156,AT0C13133GFB0,0,tb,0,1970,0,0,0,0,0
11157,AEF74ZYJTTEIA,0,tb,0,1970,0,0,0,0,0
11163,A27UCYAWBSVLZK,0,tb,0,1970,0,0,0,0,0
11164,A3A54YXQY59CF6,0,tb,0,1970,0,0,0,0,0
11165,AFXNF8FWT090W,0,tb,0,1970,0,0,0,0,0
